_COOKIE_M,,
_Lazr_,,
_milan_draws_,,
_th3truth_,,
0ppaHyung,,
AivoVoima,,
AndreasTheWizard,,
aviv18901,,
ayBAOS,,
AYbaos,,
BamoArtz,,
Better_Nature,,
code10_31,,r/Cardistry
Country_Runner,,Cardistry Discord
crazytoe,,
creepercardz,,
DeftComet27,,
,,
Dutchiez,,
EndersGame_Reviewer,,
ErsatzLudusium,,
Fireburstx,,
hqmn,,
iFrostea,,
igorovitch,,
Industry207,,
iSachman,,
Jakethehusky,,
jankoo52,,
JunT_LLL,,
Kersheck,,
kflourishes,,
Lil_cardist,,
ludw1,,
M-_-Ray.,,
ma-agentz,,
migonval,,
Minitibz,,
Ngiiiyoh,,
pejkster,,
Pudgeboat,,
robobooga,,
s_darth,,
Splitlimes,,
the_billy,,
themicwernek,,
Tink_Thank,,
Tjen_Cards,,
twilyte,,
vegetablecaek,,
Vodkards,,
wolfzz_,,
zhack013,,
Agenal,,
